asin,precio,titulo,link,timestamp
B0BTWB72RM,405185.04,Controlador De Dj Hercules Djcontrol Inpulse 200 Usb 2 Pista,https://www.mercadolibre.com.ar/hercules-dj-control-inpulse-200-with-8-stereo-mini-to-d/p/MLA2002937695#polycard_client=search-nordic&searchVariation=MLA2002937695&wid=MLA2160763768&position=3&search_layout=stack&type=product&tracking_id=6d82ce84-1fb8-44fb-bbce-245689567232&sid=search,2025-07-15T16:21:04.515Z
B0BTWB72RM,405185.04,Controlador De Dj Hercules Djcontrol Inpulse 200 Usb 2 Pista,https://www.mercadolibre.com.ar/hercules-dj-control-inpulse-200-with-8-stereo-mini-to-d/p/MLA2002937695#polycard_client=search-nordic&searchVariation=MLA2002937695&wid=MLA2160763768&position=6&search_layout=stack&type=product&tracking_id=2f140179-593f-4218-9cd2-7b714d7ded3a&sid=search,2025-07-15T16:24:42.965Z
B0BL3NZT5D,4200,Diente 18031 Typical Gc67 - Triple Arrastre - Tta,https://www.mercadolibre.com.ar/diente-18031-typical-gc67--triple-arrastre--tta/up/MLAU366932475#polycard_client=search-nordic&searchVariation=MLAU366932475&wid=MLA1762570898&position=3&search_layout=stack&type=product&tracking_id=48f3a9e6-c844-4b34-a714-144d71e522ca&sid=search,2025-07-15T16:24:55.413Z
B07C2Z21X5,720761.85,Canon EOS Rebel T7 DSLR color negro,https://www.mercadolibre.com.ar/canon-eos-rebel-t7-dslr-color-negro/p/MLA15241776#polycard_client=search-nordic&searchVariation=MLA15241776&wid=MLA2074865270&position=7&search_layout=stack&type=product&tracking_id=a9bf60a9-4df5-4487-b53c-901db1ad44e9&sid=search,2025-07-15T16:25:31.056Z
B07TNM8L6S,519766,Monitor Asus Vg248qg 24g Sync Para Juegos 165 Hz 1080p 0;5,https://articulo.mercadolibre.com.ar/MLA-1978587600-monitor-asus-vg248qg-24g-sync-para-juegos-165-hz-1080p-05-_JM#polycard_client=search-nordic&position=30&search_layout=stack&type=item&tracking_id=d0d0576b-8e58-4233-a63a-ba09273d2db7,2025-07-15T16:25:41.404Z
B09BBLH4SG,30254,Piston Completo Para Motosierra Stihl Ms 029-290 46mm,https://articulo.mercadolibre.com.ar/MLA-2142972000-piston-completo-para-motosierra-stihl-ms-029-290-46mm-_JM#polycard_client=search-nordic&position=13&search_layout=stack&type=item&tracking_id=e44109ba-3d95-4c78-95c0-2d1b6e82318c&wid=MLA2142972000&sid=search,2025-07-15T16:26:12.947Z
B0C415NHBM,117503,Pack Repuesto Original 34 Pzas Para Irobot Roundba Ss9+s,https://articulo.mercadolibre.com.ar/MLA-1503260749-pack-repuesto-original-34-pzas-para-irobot-roundba-ss9s-_JM#polycard_client=search-nordic&position=30&search_layout=stack&type=item&tracking_id=59a3f09c-9cb3-4a5b-a0ed-46277b927e83,2025-07-15T16:26:24.106Z
B08965JV8D,167999,Herramienta De Soporte De Alineación Sincronización Ford 35l,https://articulo.mercadolibre.com.ar/MLA-2104856176-herramienta-de-soporte-de-alineacion-sincronizacion-ford-35l-_JM#polycard_client=search-nordic&position=41&search_layout=stack&type=item&tracking_id=999a39c3-cd32-4319-9c82-e5e1390a5074&wid=MLA2104856176&sid=search,2025-07-15T16:26:39.583Z
B08C4LC7TG,1210789,Programador Powerteq Edge Evolution Cts3 85400-200,https://articulo.mercadolibre.com.ar/MLA-2122842526-programador-powerteq-edge-evolution-cts3-85400-200-_JM#polycard_client=search-nordic&position=47&search_layout=stack&type=item&tracking_id=1755b59d-7630-4f84-8bfd-6961ce453ad5,2025-07-15T16:26:49.705Z
B0CS6GJJJG,15356,Gancho Iveco 42122521,https://articulo.mercadolibre.com.ar/MLA-1442926748-gancho-iveco-42122521-_JM#polycard_client=search-nordic&position=23&search_layout=stack&type=item&tracking_id=f0d7eebe-bf4d-4d7a-8ace-c1cf188871ae&wid=MLA1442926748&sid=search,2025-07-15T16:27:02.526Z
B0B3CMHSXS,9259,Junta Motosierra Stihl 051 1111 149 1200 Original Stihl,https://www.mercadolibre.com.ar/junta-motosierra-stihl-051-1111-149-1200-original-stihl/up/MLAU3273098645#polycard_client=search-nordic&searchVariation=MLAU3273098645&wid=MLA2160974760&position=7&search_layout=stack&type=product&tracking_id=8f9aae2d-75d6-403d-9a79-9f7911ec417c&sid=search,2025-07-15T16:27:14.717Z
B096HD7WYC,467548,Bushnell X650 Equinox Digital Nightvision Filma * Bondone Black,https://www.mercadolibre.com.ar/bushnell-x650-equinox-digital-nightvision-filma--bondone/up/MLAU139794937#polycard_client=search-nordic&searchVariation=MLAU139794937&wid=MLA1102759340&position=3&search_layout=stack&type=product&tracking_id=d4478c16-3210-4f46-84a4-6d75e7c263f6&sid=search,2025-07-15T16:27:47.188Z
B09N3CJNCB,581362,Multiefectos Para Guitarra Eléctrica Valeton Gp-200; Negro,https://articulo.mercadolibre.com.ar/MLA-1979945578-multiefectos-para-guitarra-electrica-valeton-gp-200-negro-_JM#polycard_client=search-nordic&position=13&search_layout=stack&type=item&tracking_id=67d219fe-017d-4fd4-a6c3-9fd64f1c6ec1,2025-07-15T16:28:06.856Z
