asin,error,timestamp
undefined,No se pudo obtener información del producto desde Keepa,2025-07-15T16:17:32.539Z
B0C43R8SRB,No se encontraron resultados con vendedores con mas de 10 ventas; se encontro un vendedor con 0 ventas,2025-07-15T16:20:23.022Z
B09D914618,No se encontraron resultado despues del filtro por el nombre de la marca y palabras clave de keepa,2025-07-15T16:20:34.547Z
B0C4N37V2Z,No se encontraron resultado despues del filtro por el nombre de la marca y palabras clave de keepa,2025-07-15T16:20:46.473Z
B0C43R8SRB,No se encontraron resultados con vendedores con mas de 10 ventas; se encontro un vendedor con 0 ventas,2025-07-15T16:24:10.408Z
B09D914618,No se encontraron resultado despues del filtro por el nombre de la marca y palabras clave de keepa,2025-07-15T16:24:19.529Z
B0C4N37V2Z,No se encontraron resultado despues del filtro por el nombre de la marca y palabras clave de keepa,2025-07-15T16:24:27.802Z
B0B4LX5FNH,No se encontraron resultados con vendedores con mas de 10 ventas; se encontro un vendedor con 0 ventas,2025-07-15T16:27:34.604Z
B0BS1XZY7T,No se encontraron resultados con vendedores con mas de 10 ventas; se encontro un vendedor con 0 ventas,2025-07-15T16:28:41.333Z
B0CG19QXWD,No se encontraron códigos UPC para el producto,2025-07-15T16:28:48.943Z
B083XL35YJ,No se encontraron resultado despues del filtro por el nombre de la marca y palabras clave de keepa,2025-07-15T16:29:04.283Z



B0CDC6H66Y,No se encontraron resultado despues del filtro por el nombre de la marca y palabras clave de keepa,2025-07-15T16:29:15.124Z
B00LP3DCDI,No se encontraron resultado despues del filtro por el nombre de la marca y palabras clave de keepa,2025-07-15T16:29:26.452Z
B079YW5VQL,No se encontraron resultado despues del filtro por el nombre de la marca y palabras clave de keepa,2025-07-15T16:29:35.026Z
B0BTTV6CT1,No se encontraron resultado despues del filtro por el nombre de la marca y palabras clave de keepa,2025-07-15T16:29:45.669Z
B073YGJ5KB,No se encontraron resultado despues del filtro por el nombre de la marca y palabras clave de keepa,2025-07-15T16:29:53.593Z
B09BD6BC55,No se encontraron resultado despues del filtro por el nombre de la marca y palabras clave de keepa,2025-07-15T16:30:04.547Z
B016APL8EA,No se encontraron resultado despues del filtro por el nombre de la marca y palabras clave de keepa,2025-07-15T16:30:16.769Z
B00ND1KGEI,No se encontraron resultado despues del filtro por el nombre de la marca y palabras clave de keepa,2025-07-15T16:30:25.040Z
B0BGM5WRQ1,No se encontraron resultado despues del filtro por el nombre de la marca y palabras clave de keepa,2025-07-15T16:30:31.215Z
B08KYMXYVQ,No se encontraron resultado despues del filtro por el nombre de la marca y palabras clave de keepa,2025-07-15T16:30:38.187Z
B08T9ZS495,No se encontraron resultado despues del filtro por el nombre de la marca y palabras clave de keepa,2025-07-15T16:30:49.884Z
B00HVLUR54,No se encontraron códigos UPC para el producto,2025-07-15T16:31:00.290Z
B0002E4Z8M,No se encontraron resultado despues del filtro por el nombre de la marca y palabras clave de keepa,2025-07-15T16:31:08.401Z
B0CNKHL7ZJ,No se encontraron códigos UPC para el producto,2025-07-15T16:31:17.200Z
B07N3XJ66N,No se encontraron códigos UPC para el producto,2025-07-15T16:31:26.199Z
B07D7YPZQG,No se encontraron resultado despues del filtro por el nombre de la marca y palabras clave de keepa,2025-07-15T16:31:35.490Z
B09PSKG7C3,No se encontraron resultado despues del filtro por el nombre de la marca y palabras clave de keepa,2025-07-15T16:31:43.513Z
B07M8GLD4R,No se encontraron códigos UPC para el producto,2025-07-15T16:31:53.942Z
B0CBHC8VSX,No se encontraron códigos UPC para el producto,2025-07-15T16:32:00.710Z
B07MZPR5GP,No se encontraron resultado despues del filtro por el nombre de la marca y palabras clave de keepa,2025-07-15T16:32:10.895Z
B0C8BT4PQB,No se encontraron resultado despues del filtro por el nombre de la marca y palabras clave de keepa,2025-07-15T16:32:20.175Z
B0CHY4GPXJ,No se encontraron resultado despues del filtro por el nombre de la marca y palabras clave de keepa,2025-07-15T16:32:30.310Z
B0BY3KDYPT,No se encontraron resultado despues del filtro por el nombre de la marca y palabras clave de keepa,2025-07-15T16:32:42.192Z
B072MZSS37,No se encontraron códigos UPC para el producto,2025-07-15T16:32:52.524Z
B0835QQM1H,No se encontraron resultado despues del filtro por el nombre de la marca y palabras clave de keepa,2025-07-15T16:33:02.563Z
B0BYFD4QBJ,No se encontraron resultado despues del filtro por el nombre de la marca y palabras clave de keepa,2025-07-15T16:33:10.906Z
B00IOQADYU,No se encontraron resultado despues del filtro por el nombre de la marca y palabras clave de keepa,2025-07-15T16:33:22.121Z
B07HNW68ZC,No se encontraron resultado despues del filtro por el nombre de la marca y palabras clave de keepa,2025-07-15T16:33:32.551Z
B07Y5NNP2B,No se encontraron resultado despues del filtro por el nombre de la marca y palabras clave de keepa,2025-07-15T16:33:44.643Z
B0BK25SY9G,No se encontraron resultado despues del filtro por el nombre de la marca y palabras clave de keepa,2025-07-15T16:33:54.379Z
B09Z792WWF,No se encontraron resultado despues del filtro por el nombre de la marca y palabras clave de keepa,2025-07-15T16:34:08.235Z
B07FFNTLJD,No se encontraron resultado despues del filtro por el nombre de la marca y palabras clave de keepa,2025-07-15T16:34:18.405Z
B084H48CYN,No se encontraron resultado despues del filtro por el nombre de la marca y palabras clave de keepa,2025-07-15T16:34:27.927Z
B0842YDQ3Q,No se encontraron resultado despues del filtro por el nombre de la marca y palabras clave de keepa,2025-07-15T16:34:34.328Z
B08KYLDBDN,No se encontraron resultado despues del filtro por el nombre de la marca y palabras clave de keepa,2025-07-15T16:34:41.923Z
B0CSTCT28W,No se encontraron resultado despues del filtro por el nombre de la marca y palabras clave de keepa,2025-07-15T16:34:52.948Z
B08ZT31QCN,No se encontraron resultado despues del filtro por el nombre de la marca y palabras clave de keepa,2025-07-15T16:35:00.947Z
B07N3FC7N3,No se encontraron resultado despues del filtro por el nombre de la marca y palabras clave de keepa,2025-07-15T16:35:09.842Z
B0BKT9XK4H,No se encontraron resultado despues del filtro por el nombre de la marca y palabras clave de keepa,2025-07-15T16:35:21.675Z
B088MKB54B,No se encontraron resultado despues del filtro por el nombre de la marca y palabras clave de keepa,2025-07-15T16:35:31.090Z
B0BQH4KNBR,No se encontraron resultado despues del filtro por el nombre de la marca y palabras clave de keepa,2025-07-15T16:35:43.225Z
B09JZRWRJN,No se encontraron resultado despues del filtro por el nombre de la marca y palabras clave de keepa,2025-07-15T16:35:50.867Z
B09C1R3FC5,No se encontraron resultado despues del filtro por el nombre de la marca y palabras clave de keepa,2025-07-15T16:36:00.252Z
B0CHY9CY3Y,No se encontraron resultado despues del filtro por el nombre de la marca y palabras clave de keepa,2025-07-15T16:36:06.880Z
B01G7QXYOE,No se encontraron resultado despues del filtro por el nombre de la marca y palabras clave de keepa,2025-07-15T16:36:17.839Z
B0BMQP4Z5P,No se encontraron resultado despues del filtro por el nombre de la marca y palabras clave de keepa,2025-07-15T16:36:29.330Z
B000R8ETKW,No se encontraron resultado despues del filtro por el nombre de la marca y palabras clave de keepa,2025-07-15T16:36:38.050Z
B01N5TEHLI,No se encontraron resultado despues del filtro por el nombre de la marca y palabras clave de keepa,2025-07-15T16:36:45.820Z
